31,12,"2 diÃ¡rias para 2 pessoas","440","199",55,"149",0
24,2,"4 diÃ¡rias para 2 pessoas (check in segunda-feira)","600","299",50,"209",0
23,2,"3 diÃ¡rias para 2 pessoas (check in segunda a terÃ§a)","450","219",51,"153",0
22,2,"2 diÃ¡rias para 2 pessoas (check in segunda  a quarta","300","149",50,"104",0
21,2,"2 diÃ¡rias para 2 pessoas","500","199",60,"149",0
11,3,"2 diÃ¡rias para 2 pessoas","640","319",50,"239",0
10,3,"3 diÃ¡rias para 2 pessoas","960","479",50,"359",0
12,4,"02 diÃ¡rias para 02 pessoas","450","199",56,"149",0
18,5,"02 diÃ¡rias para 02 pessoas em fevereiro","0","0",52,"0",0
17,5,"02 diÃ¡rias para 02 pessoas de marÃ§o a maio","0","0",57,"293",0
20,6,"2 diÃ¡rias para 2 pessoas","942","469",50,"375",0
30,11,"2 diÃ¡rias para 2 pessoas","640","299",50,"224",0
32,13,"Cgf","34","45",45,"566",55
289,14,"03 diÃ¡rias em dias de semana e 02 diÃ¡rias em final de semana para 02 pessoas","440","219",50,"153",0
217,15,"02 diÃ¡rias para 02 pessoas + 01 jantar + passeio de barco","1038","499",52,"390",0
216,15,"02 diÃ¡rias para 02 pessoas + drink cortesia de marÃ§o a maio","790","379",52,"299",0
215,15,"02 diÃ¡rias para 02 pessoas + drink cortesia de abril a outubro","690","319",54,"239",0
38,16,"01 diÃ¡ria para 02 pessoas","499","249",50,"207",0
52,17,"02 diÃ¡rias para 02 pessoas por R$399 nos finais de semana","820","399",55,"311",0
51,17,"02 diÃ¡rias para 02 pessoas por R$359 nos dias da semana","770","359",53,"280",0
49,18,"2 diÃ¡rias para 2 pessoas (dias da semana)","900","359",55,"280",0
50,18,"2 diÃ¡rias para 2 pessoas (finais de semana)","900","449",50,"370",0
56,19,"4 diÃ¡rias para 2 pessoas (dias de semana)","0","0",55,"0",0
55,19,"3 diÃ¡rias para 2 pessoas (FDS)","0","0",55,"0",0
60,20,"4 diÃ¡rias para 2 pessoas (dias de semana)","790","349",55,"270",0
59,20,"3 diÃ¡rias para 2 pessoas (FDS)","790","349",55,"270",0
61,21,"2 diÃ¡rias para 2 pessoas ","640","319",50,"235",0
62,21,"3 diÃ¡rias para 2 pessoas","960","449",50,"352",0
66,22,"02 diÃ¡rias para qualquer dia da semana nos meses de Maio/Junho/Julho por R$189;","420","189",52,"141",0
65,22,"02 diÃ¡rias para qualquer dia da semana nos meses de marÃ§o/abril por R$199;","450","199",54,"149",30
150,23,"5 diÃ¡rias para 3 pessoas","900","349",61,"261",0
149,23,"4 diÃ¡rias para 3 pessoas ","720","299",58,"224",0
148,23,"3 diÃ¡rias para 3 pessoas","540","229",57,"171",0
147,23,"2 diÃ¡rias para 3 pessoas","360","179",50,"134",0
80,24,"3 diÃ¡rias para 2 pessoas (FDS)","660","299",55,"209",0
79,24,"4 diÃ¡rias para 2 pessoas (dias de semana)","660","299",55,"209",0
155,25,"3 diÃ¡rias para 2 pessoas","690","329",53,"250",0
154,25,"2 diÃ¡rias para 2 pessoas","460","219",53,"167",0
86,26,"05 diÃ¡rias para 02 pessoas por R$ 549","1098","549",50,"384",0
85,26,"03 diÃ¡rias para 02 pessoas por R$ 339","678","339",50,"237",0
84,26,"02 diÃ¡rias para 02 pessoas por R$ 229","465","229",50,"160",0
182,27,"02 diÃ¡rias para 02 pessoas","750","299",50,"224",0
181,27,"03 diÃ¡rias para 02 pessoas","1050","399",50,"299",0
180,27,"07 diÃ¡rias para 02 pessoas","2450","695",50,"521",0
218,42,"2 diÃ¡rias para 2 pessoas","280","139",50,"104",0
112,28,"02 diÃ¡rias para 02 pessoas para finais de semana (checkin nas 6Âªfeira) + garrafa de vinho por R$269","600","269",55,"201",0
111,28,"03 diÃ¡rias para 02 pessoas nos dias da semana (checkin de domingo a 4Âª) + garrafa de vinho por R$329","750","329",56,"246",0
113,29,"1 diÃ¡rias para 2 pessoas ","300","119",60,"85",0
303,30,"03 diÃ¡rias para 02 pessoas ","1050","525",50,"393",0
116,31,"02 diÃ¡rias por R$ 249 para dias da semana e finais de semana ","500","249",50,"186",0
117,32,"01 diÃ¡ria em marÃ§o durante a semana para 02 pessoas + drink cortesia","250","99",60,"74",0
118,32,"01 diÃ¡ria em abril durante a semana para 02 pessoas + drink cortesia","250","99",60,"74",0
119,32,"02 diÃ¡rias para 02 pessoas em finais de semana de abril a novembro para 02 pessoas + drink cortesia","500","199",60,"149",0
120,32,"02 diÃ¡rias para 02 pessoas em dezembro + drink cortesia","500","249",50,"187",0
121,32,"03 diÃ¡rias para 02 pessoas no feriado do dia do trabalho","750","299",60,"224",0
122,32,"04 diÃ¡rias para 02 pessoas no feriado do dia do trabalho","1000","399",60,"299",0
302,30,"02 diÃ¡rias para 02 pessoas","440","219",50,"164",0
133,33,"02 diÃ¡rias para 02 pessoas com cafÃ© da manhÃ£ por R$219","440","219",50,"164",0
134,33,"03 diÃ¡rias para 02 pessoas com cafÃ© da manhÃ£ por R$319","660","319",53,"239",0
146,34,"2 diÃ¡rias para 2 pessoas em Maio  e Agosto","800","379",52,"290",0
145,34,"2 diÃ¡rias para 2 pessoas em Abril , Setembro , outubro, novembro e dezembro","800","349",56,"261",0
144,34,"2 diÃ¡rias para 2 pessoas em MarÃ§o ","800","319",60,"239",0
320,35,"3 diÃ¡rias para 2 pessoas ","450","219",50,"144",0
319,35,"5 diÃ¡rias para 2 pessoas","750","369",50,"240",0
162,36,"3 diÃ¡rias para 2 pessoas","1500","639",57,"536",0
161,36,"2 diÃ¡rias para 2 pessoas ","1000","449",55,"364",0
160,36,"1 diÃ¡rias para 2 pessoas (check out atÃ© sÃ¡bado) ","500","249",50,"182",0
163,36,"5 diÃ¡rias para 2 pessoas","2500","999",60,"879",0
209,37,"5 diÃ¡rias para 2 pessoas","2500","999",60,"879",0
210,37,"2 diÃ¡rias para 2 pessoas (check out atÃ© sexta-feira)","1000","449",53,"364",0
208,37,"1 diÃ¡rias para 2 pessoas (check out atÃ© sexta-feira) ","500","249",50,"182",0
207,37,"3 diÃ¡rias para 2 pessoas","1500","639",57,"536",0
222,38,"02 diÃ¡rias para 02 pessoas","330","159",50,"119",0
272,39,"OpÃ§Ã£o 3: 2 diÃ¡rias para 02 pessoas durante a semana de 01/06/14 a 31/08/14 (alta temporada).","530","249",53,"186",0
273,39,"OpÃ§Ã£o 4: 2 diÃ¡rias para 02 pessoas em final de semana de 01/06/14 a 31/08/14 (alta temporada).","900","429",52,"321",0
373,40,"Ingresso para 01 adulto final de semana","194","59",69,"47",150
374,40,"Ingresso para 01 crianÃ§a final de semana","174","44",74,"35",40
214,41,"03 diÃ¡rias para 02 pessoas com cafÃ© da manhÃ£ por R$299","640","299",53,"224",0
213,41,"02 diÃ¡rias para 02 pessoas com cafÃ© da manhÃ£ por R$209","440","209",52,"156",0
219,43,"01 diÃ¡ria para 02 pessoas em marÃ§o ou abril ","525","239",54,"180",0
220,43,"02 diÃ¡rias para 02 pessoas de maio a dezembro","1050","489",53,"400",0
223,44,"2 diÃ¡rias para 2 pessoas","330","159",50,"119",0
274,39,"OpÃ§Ã£o 6: 04 diÃ¡rias para 02 pessoas no Feriado Dia do Trabalho ","1980","989",50,"741",6
271,39,"OpÃ§Ã£o 7: 04 diÃ¡rias para 02 pessoas no Feriado Dia de Corpus Christi.","2400","1199",50,"899",6
269,39,"OpÃ§Ã£o 5: 04 diÃ¡rias para 02 pessoas no Feriado de PÃ¡scoa","1980","989",50,"741",6
270,39,"OpÃ§Ã£o 1: 02 diÃ¡rias para 02 pessoas durante a semana na baixa temporada","360","149",58,"111",0
268,39,"OpÃ§Ã£o 2: 02 diÃ¡rias para 02 pessoas nos finais de semana na baixa temporada.","540","269",50,"201",0
286,45,"02 diÃ¡rias para 02, 03 ou 04 pessoas nos finais de semana (check-in na 6Âªfeira)","556","239",57,"179",0
287,45,"02 diÃ¡rias para 02, 03 ou 04 pessoas nos dias da semana (check-in de domingo a 4Âªfeira)","556","219",60,"164",0
329,46,"5 diÃ¡rias para 2 pessoas","1000","499",50,"400",0
328,46,"3 diÃ¡rias para 2 pessoas","600","299",50,"240",0
327,46,"2 diÃ¡rias para 2 pessoas","400","199",50,"160",0
295,47,"s na suÃ­te casa da fazenda ","600","299",50,"224",0
294,47,"2s na suÃ­te resort das araucÃ¡rias ","800","399",50,"299",0
299,48,"2 diÃ¡rias para 2 pessoas na suÃ­te casa da fazenda ","600","299",50,"224",0
298,48,"2 diÃ¡rias para 2 pessoas na suÃ­te resort das araucÃ¡rias ","800","399",50,"299",0
322,49,"2 diÃ¡rias para 2 pessoas na suÃ­te casa da fazenda ","600","299",50,"224",0
321,49,"2 diÃ¡rias para 2 pessoas na suÃ­te resort das araucÃ¡rias ","800","399",50,"299",0
307,50,"02 diÃ¡rias para 02 pessoas","440","219",50,"164",0
306,50,"03 diÃ¡rias para 02 pessoas ","1050","525",50,"393",0
318,35,"2 diÃ¡rias para 2 pessoas","300","149",50,"96",0
326,51,"02 diÃ¡rias para 02 pessoas","708","349",51,"280",0
330,52,"02 diÃ¡rias para 02 pessoas nos finais de semana (6Âª a domingo) e feriados","664","249",62,"174",0
331,52,"02 diÃ¡rias para 02 pessoas em dias de semana","664","199",70,"139",0
332,52,"03 diÃ¡rias para 02 pessoas em finais de semana (5Âª a domingo) e feriados","996","359",63,"251",0
338,53,"05 diÃ¡rias para 02 pessoas","1700","759",50,"573",0
337,53,"03 diÃ¡rias para 02 pessoas","1020","459",50,"345",0
336,53,"02 diÃ¡rias para 02 pessoas","680","339",50,"255",0
350,55,"4 diÃ¡rias para 2 pessoas ","1200","599",50,"441",0
347,54,"03 diÃ¡rias para 02 pessoas","540","299",50,"224",0
346,54,"02 diÃ¡rias para 02 pessoas","360","199",50,"149",0
424,56,"2 diÃ¡rias para 2 pessoas","400","199",50,"149",0
391,57,"02 diÃ¡rias para 02 pessoas","708","349",51,"280",0
354,58,"87979","87878","78",78787,"877",87
368,59,"5 diÃ¡rias para 2 pessoas (Suite Presidencial)","2550","799",69,"599",0
367,59,"4 diÃ¡rias para 2 pessoas (Suite Presidencial)","2100","639",70,"479",0
366,59,"3 diÃ¡rias para 2 pessoas (Suite Presidencial)","1650","479",71,"561",0
365,59,"5 diÃ¡rias para 2 pessoas (Suite Super Luxo)","1550","499",68,"374",0
364,59,"4 diÃ¡rias para 2 pessoas (Suite Super Luxo)","1300","399",70,"299",0
363,59,"3 diÃ¡rias para 2 pessoas (Suite Super Luxo)","1050","299",73,"224",0
369,60,"2 diÃ¡rias para 2 pessoas","520","259",50,"200",0
403,61,"02 diÃ¡rias para 02 pessoas durante a semana","474","199",58,"149",76
404,61,"04 diÃ¡rias para 02 pessoas com final de semana","948","459",51,"344",10
375,62,"01 infresso para 02 pessoas","20","10",50,"7",0
376,62,"01 ingresso para 02 pessoas + AlmoÃ§o para 2","150","75",50,"52",0
385,63,"3 diÃ¡rias para 2 pessoas (exceto feriados)","690","329",53,"240",0
384,63,"2 diÃ¡rias para 2 pessoas (exceto feriados)","460","219",53,"160",0
383,63,"4 diÃ¡rias para 2 pessoas (feriados)","960","479",50,"355",0
382,63,"3 diÃ¡rias para 2 pessoas (Feriados)","720","359",50,"261",0
386,63,"5 diÃ¡rias para 2 pessoas (exceto feriados)","1150","549",53,"400",0
390,64,"Rapel de cachoeira","120","59",50,"41",0
389,64,"Arvorismo","70","35",50,"24",0
392,65,"LOL","2300.39","900.21",123,"0.99",2147483647
402,61,"03 diÃ¡rias para 02 pessoas durante a semana","711","259",63,"194",76
420,66,"2 diÃ¡rias para 2 pessoas ","920","449",55,"336",0
419,66,"3 diÃ¡rias para 2 pessoas ","1380","669",55,"501",0
415,67,"02 diÃ¡rias para 02 pessoas (finais de semana)","798","399",50,"320",0
414,67,"02 diÃ¡rias para 02 pessoas (dias de semana)","678","339",50,"260",0
802,68,"3 diÃ¡rias para 2 pessoas","960","449",53,"336",40
801,68,"5 diÃ¡rias para 2 pessoas","1600","749",53,"561",30
425,56,"3 diÃ¡rias para 2 pessoas ","600","299",50,"224",0
426,56,"5 diÃ¡rias para 2 pessoas","1000","499",50,"374",0
434,69,"01 pessoa BÃ¡sico","400","189",53,"132",0
433,69,"01 pessoa AvanÃ§ado","460","209",53,"146",0
435,70,"01 diÃ¡ria para 02 pessoas durante a semana de abril  a agosto","300","149",50,"104",0
436,70,"02 diÃ¡rias para 02 pessoas em final de semana de maio a agosto","800","389",51,"272",0
437,70,"01 diÃ¡ria para 02 pessoas durante a semana em julho","350","169",51,"118",0
438,70,"02 diÃ¡rias para 02 pessoas em final de semana em julho","900","449",61,"314",0
544,71,"02 diÃ¡rias para 02 pessoas + fondue de chocolate","738","329",55,"230",0
543,71,"02 diÃ¡rias para 02 pessoas + 01 garrafa de espumante Moscatel + morangos + bombom","738","329",55,"230",0
448,72,"5 diÃ¡rias para 2 pessoas","1250","599",50,"450",0
447,72,"3 diÃ¡rias para 2 pessoas ","750","375",50,"285",0
446,72,"2 diÃ¡rias para 2 pessoas","500","249",50,"190",0
454,73,"Pacote Emagrecimento (7 diÃ¡rias)","3350","1675",50,"1256",0
453,73,"Pacote Colore (2 diÃ¡rias)","1150","575",50,"431",0
452,73,"Day Use","350","175",50,"131",0
700,75,"5 diÃ¡rias","1500","699",50,"524",100
699,75,"Pascoa (4 diÃ¡rias)","1700","849",50,"594",10
550,74,"junho - 02 noites durante a semana","800","399",50,"279",30
553,74,"julho/AGOSTO 03/07 A 03/08 03 noites final de semana e ou feriado","2800","899",67,"674",20
552,74,"julho - 02 noites dias da semana domingo a quarta","1000","499",50,"349",40
551,74,"junho  - 03 noites dias dos namorados e ou ultimo final de semana","2800","899",67,"674",20
549,74,"junho - 02 noites jogos da copa e ou primeiro final de final de semana","1100","599",50,"419",40
548,74,"maio/AGOSTO  - 02 noites  dias da semana","700","299",57,"209",60
547,74,"maio/ AGOSTO - 02 noites  final de semana","1000","499",50,"349",16
545,74,"abril - 02 noites  final de semana","800","399",50,"279",15
546,74,"abril - 02 noites  dias da semana","600","269",55,"188",30
698,75,"Corpus Christi (3 diÃ¡rias)","1300","649",50,"454",10
697,75,"Dia do trabalho (3 diÃ¡rias)","1300","649",50,"454",10
695,75,"2 diÃ¡rias ","600","299",50,"224",100
696,75,"3 diarias ","900","449",50,"336",100
635,76,"03 diÃ¡rias para 02 pessoas (check in quinta). Primeiro de Maio ","1000","499",50,"374",0
634,76,"03 diÃ¡rias para 02 pessoas (check in quinta). Corpus Christi","1000","499",50,"374",0
633,76,"02 diÃ¡rias para 02 pessoas","320","159",50,"119",0
762,77,"02 diÃ¡rias para 02 pessoas","486","243",50,"182",0
656,78,"03 diÃ¡rias para 02 pessoas (Primeiro de Maio) ","1200","469",58,"351",0
657,78,"03 diÃ¡rias para 02 pessoas Corpus Christi ","1200","469",58,"351",0
658,78,"02 diÃ¡rias para 02 pessoas (dias de semana)","680","289",58,"216",0
659,78,"02 diÃ¡rias para 02 pessoas (finais de semana)","1020","429",58,"321",0
619,79,"2 diÃ¡rias para FDS em julho","1520","759",50,"509",15
618,79,"2 diarias durante a semana em junho ou agosto","480","239",50,"160",40
617,79,"2 diÃ¡rias para FDS em junho ou agosto","980","489",50,"328",15
616,79,"2 diÃ¡rias para FDS de 01/09/14 a 15/12/14","720","299",50,"207",0
615,79,"2 diÃ¡rias durante a semana de 04/04/14 a 15/12/14, exceto junho, julho e agosto","350","149",62,"99",0
620,79,"2 diÃ¡rias durante a semana em julho","960","479",50,"321",30
624,80,"02 diÃ¡rias para 02 pessoas (finais de semana)","600","299",50,"224",0
623,80,"02 diÃ¡rias para 02 pessoas (dias de semana)","500","249",50,"186",0
768,81,"Dia do trabalho ","2300","999",57,"749",5
767,81,"5 diÃ¡rias","1750","499",67,"374",15
766,81,"3 diÃ¡rias","1050","299",67,"224",25
765,81,"2 diÃ¡rias","700","199",67,"149",60
655,82,"Corpus Christi (19/06/2014 a 22/06/2014)","1800","899",50,"672",20
654,82,"Dia do trabalho (01/05/14 a 04/05/2014)","1800","899",50,"655",20
652,82,"3 diÃ¡rias ","1170","579",50,"413",0
653,82,"5 diÃ¡rias ","1900","969",50,"689",0
651,82,"2 diÃ¡rias ","780","392",50,"275",0
710,84,"02 diÃ¡rias para 02 pessoas + drink cortesia de abril a outubro","690","249",63,"164",0
693,83,"03 diÃ¡rias para 02 pessoas (Primeiro de Maio)","1200","469",58,"351",0
692,83,"02 diÃ¡rias para 02 pessoas (finais de semana)","680","339",50,"254",0
691,83,"02 diÃ¡rias para 02 pessoas (dias de semana)","680","289",58,"216",0
709,84,"02 diÃ¡rias para 02 pessoas + 01 jantar + passeio de barco","1038","359",66,"269",0
741,85,"01 diÃ¡ria durante a semana","449","119",73,"85",0
739,85,"03 diÃ¡rias para 02 pessoas (Dia do Trabalho)","1347","499",62,"359",0
740,85,"02 diÃ¡rias para 02 pessoas no final de semana ou 3 diÃ¡rias durante a semana","1347","349",61,"251",0
1334,86,"Corpus Christi (4 diÃ¡rias)","920","459",50,"344.25",5
1335,86,"2 diÃ¡rias (sem cafÃ© da manhÃ£)","460","199",55,"139.3",100
1333,86,"Corpus Christi (3 diÃ¡rias)","690","345",50,"258.75",5
771,87," vÃ´o de balÃ£o de instruÃ§Ã£o para 1 pessoa","659","359",50,"251",0
770,87,"vÃ´o de balÃ£o de instruÃ§Ã£o para 2 pessoa","1440","719",50,"503",0
761,88,"02 diÃ¡rias para 02 pessoas (dias de semana)","440","219",50,"164",0
760,88,"02 diÃ¡rias para 02 pessoas (finais de semana)","510","249",50,"186",0
764,89,"87","87","87",87,"8",787
783,90,"01 sequÃªncia de fondue, para 01 pessoa, com vinho tinto seco ou suave liberado","84","42",50,"32",300
773,92,"Kit Viagem com Travesseiro + MÃ¡scara + Protetor Auricular","69","19",71,"13",500
805,93,"Kit Viagem com Travesseiro + MÃ¡scara + Protetor Auricular","69","19",71,"13",600
782,94,"02 diÃ¡rias para 02 pessoas (finais de semana)","520","259",50,"194",0
781,94,"02 diÃ¡rias para 02 pessoas (dias de semana)","440","219",50,"164",0
800,95,"5 diÃ¡rias ","1000","449",55,"297",20
797,95,"2 diÃ¡rias","399","179",55,"119",40
798,95,"3 diÃ¡rias ","600","269",55,"178",30
799,95,"2 diÃ¡rias + 2 passaportes para o Beto Carrero","660","299",54,"257",20
803,68,"2 diÃ¡rias para 2 pessoas","640","299",53,"224",70
809,91,"Sequencia de fondue para 2 pessoas","130","64",50,"46",500
908,96,"02 ingressos adulto + 02 ingressos infantil ","90","45",50,"33",0
907,96,"02 ingressos adulto + 01 infantil","70","35",50,"26",0
906,96,"02 ingressos adulto","50","25",50,"18",0
834,97,"07 diÃ¡rias para 02 pessoas de abril a outubro (exceto feriados, junho e julho) ","1680","759",50,"93",0
833,97,"05 diÃ¡rias para 02 pessoas de abril a outubro (exceto feriados, junho e julho)","1200","559",50,"93",0
832,97,"04 diÃ¡rias para 02 pessoas de abril a outubro (exceto feriados, junho e julho)","960","479",50,"93",0
831,97,"02 diÃ¡rias para 02 pessoas em abril e maio","500","249",50,"93",0
822,98,"02 diÃ¡rias para 02 pessoas de domingo a quinta-feira (check-out na sexta)","556","278",50,"209",0
823,98,"02 diÃ¡rias para 02 pessoas com check-in na sexta-feira","596","298",50,"223",0
827,99,"Aula teÃ³rica + adaptaÃ§Ã£o + mergulho com instrutor de 30 min. DuraÃ§Ã£o total do programa 1hh aproximadamente.","180","89",50,"62",0
859,100,"Espaguete ao Pesto, para 02 pessoas.","67","33",50,"23",0
857,100,"Buffet de sopas livre para 02 pessoas","55","27",50,"18",0
858,100,"Talharim Ã  Carbonara, para 02 pessoas","67","33",50,"23",0
885,101,"PorÃ§Ã£o de petiscos para 2 pessoos + 2 caipirika","48","23",51,"16",100
884,101,"PorÃ§Ã£o de petiscos para 4 pessoas + 4 caipirika","97","45",53,"32",100
873,102,"5 diÃ¡rias ","1500","459",70,"330",0
872,102,"3 diÃ¡rias ","900","279",70,"195",0
871,102,"2 diÃ¡rias","600","189",70,"132",0
876,103,"01 diÃ¡ria para 02 pessoas em dias de semana","310","149",52,"224",0
877,103,"02 diÃ¡rias para 02 pessoas em final de semana","1360","599",55,"449",0
881,104,"111","1.99","1.88",2,"1.22",2
883,105,"Mergulho de batismo na praia da Sepultura ou Estaleiro ","180","89",50,"65",0
891,106,"5 diÃ¡rias","1150","559",52,"400",0
890,106,"3 diÃ¡rias ","690","339",51,"240",0
889,106,"2 diÃ¡rias ","460","229",50,"160",0
892,107,"02 diÃ¡rias para 02 pessoas","906","339",62,"264.42",120
893,107,"02 diÃ¡rias para 02 pessoas + 01 jantar romÃ¢ntico","1059","499",53,"389.22",60
1572,108,"5 diÃ¡rias ","1975","749",62,"561.75",20
1573,178,"01 diÃ¡ria para 02 pessoas","200","99",50,"74.25",0
1570,108,"2 diÃ¡rias","790","299",62,"224.25",100
1571,108,"3 diÃ¡rias ","1185","449",62,"336.75",60
924,109,"Caldeirada de frutos do mar ","79.9","39.9",50,"27.93",0
921,109,"Muqueca de peixe","79.9","39.9",50,"27.93",0
922,109,"Bacalhau Ã  Portuguesa","89.9","39.9",56,"27.93",0
923,109,"Dourado do mar ao molho de amÃªndoas","79.9","39.9",50,"27.93",0
931,110,"02 diÃ¡rias + 02 pessoas + cafÃ© da manhÃ£ em apartamento standard, finais de semana (vÃ¡lido somente de agosto a dezembro)","480","209",55,"156",100
932,110,"02 diÃ¡rias + 02 pessoas + cafÃ© da manhÃ£ em suÃ­te standard, dias da semana em abril, maio, junho e julho.","480","179",60,"134",100
979,111,"2 diÃ¡rias (suite master)","700","349",50,"244.3",100
977,111,"3 diÃ¡rias (suite master)","1050","519",50,"363.3",100
978,111,"2 diÃ¡rias (chalÃ© ou suite standard)","500","249",50,"174.3",100
976,111,"3 diÃ¡rias (chalÃ© ou suite standard)","750","369",50,"258.3",100
975,111,"4 diÃ¡rias para Dia do Trabalho (chalÃ© ou suite standard)","1300","649",50,"500",2
974,111,"4 diÃ¡rias para Corpus Christi (chalÃ© ou suite standard)","1300","649",50,"500",2
1005,112,"02 ingressos para o Parque Mundo Encantado ","34","16.9",50,"11.8",0
972,111,"4 diÃ¡rias para Corpus Christi (suite Master)","1500","699",50,"525",2
973,111,"4 diÃ¡rias para Dia do Trabalho (Suite Master)","1500","699",50,"525",2
1624,113,"SequÃªncia de Fondue para 02 pessoas","180","69.9",56,"52.425",0
1623,113,"Risoto Rei dos Mares","128","49.9",55,"36",0
1621,113,"Peixe Grelhado Ã  Caprese para 02 pessoas","128","49.9",56,"36",0
1622,113,"DelÃ­cias do Mar para 02 pessoas","158","79.9",50,"58",0
1081,114,"FilÃ© Mignon, Cordeiro, SalmÃ£o, FilÃ© Dijon, Strogonoff, Frango Grelhado, FilÃ© Ã  Francesa, FilÃ© Ã  Brasileira, FilÃ© Ã  Parmegiana ou Peixe Ã  Tailandesa para duas pessoas","80","39",50,"27",0
1082,114,"Massas italianas para 02 pessoas","78","39",50,"27",0
1083,114," Risotos de CamarÃ£o com Ervas e Queijo ParmesÃ£o, para 02 pessoas","78","39",50,"27",0
1003,115,"02 diÃ¡rias + 02 pessoas + cafÃ© da manhÃ£ , durante a semana.","950","329",50,"246.75",0
1004,115,"02 diÃ¡rias + 02 pessoas + cafÃ© da manhÃ£ , final de semana (exceto julho) ","950","469",50,"351.75",0
1006,112,"02 ingressos para o Parque Mundo Encanto infantil","17","8.5",50,"5.95",0
1007,112,"02 ingressos para o Parque Mundo Encantado, melhor idade","17","8.5",50,"5.95",0
1052,118,"3 diÃ¡rias ","660","329",50,"236.88",0
1036,116,"02 ingressos infantil para o Parque Mundo Encantado","17","8",50,"6",0
1037,116,"02 ingressos melhor idade para o Parque Mundo Encantado","17","8",50,"6",0
1038,116,"03 ingressos adulto + 03 ingressos infantil para o Parque Mundo Encantado","76","38",50,"26",0
1035,116,"02 ingressos adulto para o Parque Mundo Encantado","34","16",50,"12",0
1034,116,"03 ingressos adulto para o Parque Mundo Encantado","50","25",50,"17",0
1033,116,"02 ingressos adulto + 01 ingresso infantil para o Parque Mundo Encantado","42","21",50,"14",0
1032,116,"02 ingressos adulto + 2 ingressos infantil para o Parque Mundo Encantado","50","25",50,"17",0
1031,116,"03 ingressos adulto + 02 ingressos infantil para o Parque Mundo Encantado","66","33",50,"23",0
1144,117,"02 diÃ¡rias para 02 pessoas","650","320",54,"240",0
1030,116,"02 ingressos adulto + 03 ingressos infantil para o Parque Mundo Encantado","58","29",50,"20",0
1051,118,"2 diÃ¡rias ","440","219",50,"157.68",0
1066,119,"2 diÃ¡rias para 2 ","540","269",50,"188.3",0
1065,119,"3 diÃ¡rias para 2","810","399",50,"279.3",0
1053,120,"2 diÃ¡rias (FDS)","600","299",50,"224.25",25
1054,120,"2 diÃ¡rias (dias de semana)","460","229",50,"171.75",100
1078,121,"4 diÃ¡rias (Corpus Christi)","920","459",50,"344.25",5
1077,121,"2 diÃ¡rias","340","169",50,"118.3",100
1076,121,"3 diÃ¡rias ","510","249",52,"174.3",100
1067,122,"2 diÃ¡rias para 2 pessoas","540","269",50,"188.3",100
1068,122,"3 diÃ¡rias para 2 pessoas ","810","399",52,"279.3",100
1080,123,"3 diÃ¡rias para 2 pessoas ","810","399",50,"279.3",100
1079,123,"2 diÃ¡rias para 2 pessoas","540","269",50,"188.3",100
1075,121,"3 diÃ¡rias (Corpus Christi)","690","345",50,"258.75",5
1084,114,"Mini cafÃ© colonial para 02 pessoas","50","25",50,"17",0
1085,124,"2 diÃ¡rias para 2 pessoas","240","119",50,"83.3",100
1086,124,"3 diÃ¡rias para 2 pessoas ","360","179",50,"125.3",100
1087,124,"Corpus Christi (4 diÃ¡rias)","600","299",50,"209.3",3
1088,125,"2 diÃ¡rias (4Âª a 6Âª)","1000","329",67,"231",0
1089,125,"2 diÃ¡rias (6Âª a domingo)","1000","399",60,"299.25",0
1097,126,"03 diÃ¡rias para 02 pessoas todos dias da semana de agosto a dezembro","780","369",52,"276.75",0
1096,126,"03 diÃ¡rias para 02 pessoas em dias de semana de maio a julho","780","369",52,"276.75",0
1095,126,"02 diÃ¡rias para 02 pessoas todos dias da semana de agosto a dezembro","520","249",52,"186.75",0
1094,126,"02 diÃ¡rias para 02 pessoas durante a semana de maio a julho","520","249",52,"186.75",0
1116,127,"02 pessoas + 02 diÃ¡rias em suÃ­te + cafÃ© da manhÃ£","460","229",50,"171.75",0
1126,128,"5 diÃ¡rias ","1450","599",59,"449.25",0
1125,128,"3 diÃ¡rias","870","369",58,"276.75",0
1124,128,"2 diÃ¡rias","580","249",57,"186.75",0
1102,129,"2 diÃ¡rias","400","199",50,"149.25",0
1103,129,"3 diÃ¡rias ","600","299",50,"224.25",0
1104,129,"5 diÃ¡rias ","1000","499",50,"374.25",0
1114,132,"02 diÃ¡rias para 02 pessoas de maio a julho (check-in domingo a quarta)","580","289",50,"216.75",0
1113,130,"3 diÃ¡rias ","675","259",60,"194.25",0
1112,130,"2 diÃ¡rias","450","179",60,"134.25",0
1109,131,"02 diÃ¡rias para 02 pessoas em final de semana + 02 caipirinhas + 02 pizzas de maio a junho e agosto a Novembro","726","339",53,"254.25",0
1110,131,"02 diÃ¡rias para 02 pessoas em dias de semana + 02 caipirinhas + 02 pizzas de maio a junho e agosto a Novembro","666","299",55,"224.25",0
1111,131,"02 diÃ¡rias para 02 pessoas + 02 caipirinhas + 02 pizzas em Julho","796","389",51,"291.75",0
1115,132,"02 diÃ¡rias para 02 pessoas de agosto a dezembro (check-in todos os dias)","580","289",50,"216.75",0
1162,133,"3 diÃ¡rias ","840","420",50,"315",100
1161,133,"2 diÃ¡rias","560","280",50,"210",100
1121,134,"02 diÃ¡rias para 02 pessoas + 02 taÃ§as de espumante","1000","449",55,"314.3",0
1123,135,"2 diÃ¡rias","1250","549",52,"419.3",0
1131,136,"2 diÃ¡rias ","400","199",50,"140",100
1132,136,"3 diÃ¡rias","600","299",50,"210",100
1143,137,"4 diÃ¡rias (CHECK IN Livre)","439","960",55,"329.25",100
1142,137,"2 diÃ¡rias (CHECK IN domingo a 4Âª)","400","179",56,"134.25",100
1141,137,"2 diÃ¡rias (FDS)","560","269",52,"201.75",100
1140,137,"Corpus Christi (4 diÃ¡rias)","1400","699",51,"524.25",5
1145,138,"2 diÃ¡rias (CHECK IN: domingo a 4Âª)","920","299",68,"209.3",100
1146,138,"2 diÃ¡rias (CHECK IN: Livre)","920","369",60,"258.3",100
1147,138,"3 diÃ¡rias (CHECK IN: Livre)","1380","539",60,"377.3",100
1148,138,"4 diÃ¡rias + 1 jantar (CHECK IN: Livre)","1840","699",62,"489.3",100
1149,138,"JUNHO E JULHO: 2 diÃ¡rias (CHECK IN: Livre) ","920","439",52,"329.25",50
1150,138,"JUNHO E JULHO: 3 diÃ¡rias (CHECK IN: Livre)","1380","599",56,"449.25",50
1332,86,"3 diÃ¡rias + cafÃ© da manhÃ£","690","339",50,"255",100
1331,86,"2 diÃ¡rias + cafÃ© da manhÃ£","460","229",50,"170",100
1168,139,"5 diÃ¡rias ","1500","459",70,"330",100
1167,139,"3 diÃ¡rias ","900","279",70,"195",100
1166,139,"2 diÃ¡rias","600","189",70,"132",100
1243,140,"02 pessoas + 02 diÃ¡rias (de outubro a 30/11/2014)","640","299",50,"224",0
1242,140,"02 pessoas + 02 diÃ¡rias em suÃ­te + cafÃ© da manhÃ£  em final de semana (de maio a setembro)","640","249",55,"186.75",0
1241,140,"02 pessoas + 03 diÃ¡rias em suÃ­te + cafÃ© da manhÃ£, dias de semana (de maio a setembro)","960","189",60,"141.75",0
1173,141,"1","1.11","1.11",11,"1.11",1
1182,142,"05 diÃ¡rias para 02 pessoas","1450","719",50,"550",0
1181,142,"03 diÃ¡rias para 02 pessoas","870","433",50,"330",0
1180,142,"02 diÃ¡rias para 02 pessoas","580","289",50,"221",0
1177,143,"2 diÃ¡rias + 1 sequencia de fondue para 2 pessoas","500","249",50,"186.75",100
1178,143,"3 diÃ¡rias  + 1 sequencia de fondue para 2 pessoas","750","375",50,"281.25",100
1179,143,"5 diÃ¡rias + 1 sequencia de fondue para 2 pessoas","1250","599",53,"449.25",100
1183,144,"2 diÃ¡rias + 1 fondue de chocolate","500","249",50,"186.75",100
1184,144,"3 diÃ¡rias + 1 fondue de chocolate","750","375",50,"281.25",100
1185,144,"5 diÃ¡rias + 1 fondue de chocolate","1250","599",50,"449.25",100
1217,145,"Set a Dez: Apto Luxo- 2 diÃ¡rias (dom a 6Âª)","760","299",60,"209.3",100
1216,145,"Set a Dez: Apto Luxo- 2 diÃ¡rias (FDS)","760","379",50,"265.3",100
1215,145,"Maio a Ago: Apto Luxo- 2 diÃ¡rias (dom a 6Âª)","660","249",62,"174.3",100
1214,145,"Set a Dez: Apto Standard - 2 diÃ¡rias (dom a 6Âª)","600","249",59,"174.3",100
1213,145,"Maio a Ago: Apto Luxo- 2 diÃ¡rias (FDS)","660","329",50,"230.3",100
1212,145,"Set a Dez: Apto Standard - 2 diÃ¡rias (FDS)","600","299",50,"209.3",100
1211,145,"Maio a Ago: Apto Standard - 2 diÃ¡rias (dom a 6Âª)","560","199",65,"139.3",100
1210,145,"Maio a Ago: Apto Standard - 2 diÃ¡rias (FDS)","560","279",50,"195.3",100
1218,146,"Set a Dez: Apto Luxo- 2 diÃ¡rias (dom a 6Âª)	","760","299",60,"209.3",100
1219,146,"Set a Dez: Apto Luxo- 2 diÃ¡rias (FDS)	","760","379",50,"265.3",100
1220,146,"Maio a Ago: Apto Luxo- 2 diÃ¡rias (dom a 6Âª)	","660","249",62,"174.3",100
1221,146,"Set a Dez: Apto Standard - 2 diÃ¡rias (dom a 6Âª)	","600","249",59,"174.3",100
1222,146,"Maio a Ago: Apto Luxo- 2 diÃ¡rias (FDS)	","660","329",50,"230.3",100
1223,146,"Set a Dez: Apto Standard - 2 diÃ¡rias (FDS)	","600","299",50,"209.3",100
1224,146,"Maio a Ago: Apto Standard - 2 diÃ¡rias (dom a 6Âª)	","560","199",65,"139.3",100
1225,146,"Maio a Ago: Apto Standard - 2 diÃ¡rias (FDS)	","560","279",50,"195.3",100
1341,147,"5 diÃ¡rias + 1 jantar + 2 taÃ§as de vinho","1600","729",55,"546.75",100
1340,147,"3 diÃ¡rias + 1 jantar + 2 taÃ§as de vinho","960","449",54,"336.75",100
1339,147,"2 diÃ¡rias + 1 jantar + 2 taÃ§as de vinho","640","299",54,"224.25",100
1261,148,"3 diÃ¡rias (Corpus Christi)","1300","449",57,"314.3",10
1260,148,"3 diÃ¡rias ","900","449",59,"314.3",100
1259,148,"2 diÃ¡rias","600","299",50,"209.3",100
1258,148,"4 diÃ¡rias (Corpus Christi)","1700","599",65,"419.3",10
1270,149,"02 diÃ¡rias para 02 pessoas de 01/09 a 30/09/2014","1290","579",55,"492",0
1271,149,"02 diÃ¡rias para 02 pessoas de 24/05 a 31/08/2014","1190","549",54,"460",0
1249,150,"02 diÃ¡rias para 02 pessoas com meia-pensÃ£o (cafÃ© da manhÃ£ e janta)","1120","539",52,"450",0
1248,150,"02 diÃ¡rias para 02 pessoas + cafÃ© da manhÃ£","820","399",50,"326",0
1250,151,"2 diÃ¡rias (domingo a 6Âª)","400","199",50,"139.3",100
1251,151,"2 diÃ¡rias (final de semana)","600","299",50,"209.3",100
1252,152,"02 diÃ¡rias para 02 pessoas","400","199",50,"139.3",0
1253,152,"03 diÃ¡rias para 02 pessoas no feriado de Corpus Christi","600","299",50,"209.3",0
1254,152,"04 diÃ¡rias para 02 pessoas no feriado de Corpus Christi","800","399",50,"279.3",0
1516,153,"02 diÃ¡rias para 02 pessoas + 02 chocolates quente no ChalÃ© Colibri","920","449",51,"365",0
1517,153,"02 diÃ¡rias para 02 pessoas + 02 chocolates quente no ChalÃ© Master Beija-flor","1100","529",52,"433",0
1518,153,"02 diÃ¡rias para 02 pessoas + 02 chocolates quente no ChalÃ© CanÃ¡rio","690","339",51,"320",0
1275,154,"03 diÃ¡rias para 02 pessoas em final de semana de 01/07 a 31/07/2014","1470","729",50,"546.75",0
1274,154,"01 diÃ¡ria para 02 pessoas em dias de semana de 01/07 a 31/07/2014","490","245",50,"183.75",0
1273,154,"03 diÃ¡rias para 02 pessoas em final de semana ou dias de semana de 01/08 a 31/10/2014","1470","449",69,"336.75",0
1272,154,"01 diÃ¡ria para 02 pessoas em dias de semana atÃ© 30/06 e de 01/08 a 31/10/2014","490","149",69,"111.75",0
1314,156,"02 diÃ¡rias para 02 pessoas de 13/06 a 29/06/2014 (check-in livre)","780","389",50,"291.75",0
1315,156,"02 diÃ¡rias para 02 pessoas (check-in na 6Âª) de 22/05 a 12/06 e 27/07 a 30/11/2014","700","349",50,"261.75",0
1378,160,"JUN/JUL - 2 diÃ¡rias (CHECK IN: domingo a 4Âª)","1000","499",50,"399.2",30
1313,156,"02 diÃ¡rias para 02 pessoas (check-in domingo a quarta) de 22/05 a 12/06 e 27/07 a 30/11/2014 ","640","269",58,"201.75",0
1423,159,"02 diÃ¡rias para 02 pessoas ","770","359",53,"280",0
1370,155,"2 diÃ¡rias (novembro - CHECK IN: 6Âª)","500","249",50,"174.3",16
1371,155,"2 diÃ¡rias (outubro - CHECK IN: 6Âª)","500","249",50,"174.3",16
1369,155,"2 diÃ¡rias (setembro - CHECK IN: 6Âª)","500","249",50,"174.3",16
1368,155,"2 diÃ¡rias (Julho - CHECK IN: 11/07)","600","299",50,"209.3",8
1367,155,"2 diÃ¡rias de junho a dezembro (CHECK IN: domingo a 4Âª)","400","199",50,"139.3",150
1366,155,"2 diÃ¡rias (dezembro - CHECK IN: 6Âª)","500","249",50,"174.3",16
1375,157,"4 diÃ¡rias + 1 jantar + 2 welcome drinks (Corpus Christi)","1160","549",53,"384.3",10
1374,157,"2 diÃ¡rias + 1 jantar + 2 welcome drinks","590","289",51,"213.86",100
1373,157,"3 diÃ¡rias + 1 jantar + 2 welcome drinks","870","429",51,"317.46",100
1372,157,"3 diÃ¡rias + 1 jantar + 2 welcome drinks (Corpus Christi)","870","429",51,"317.46",10
1522,169,"02 diÃ¡rias para 02 pessoas + bombom + late check-out + Jantar","838","409",51,"310",0
1336,86,"3 diÃ¡rias (sem cafÃ© da manhÃ£)","690","299",55,"209.3",0
1347,158,"2 diÃ¡rias","1090","529",51,"415",100
1346,158,"3 diÃ¡rias ","1431","699",51,"570",100
1379,160,"JUN/JUL - 3 diÃ¡rias (CHECK IN: livre)","1950","975",50,"780",10
1380,160,"AGO a DEZ - 2 diÃ¡rias (CHECK IN: domingo a 4Âª)","800","299",63,"209.3",50
1381,160,"AGO a DEZ - 2 diÃ¡rias (CHECK IN: livre)","1100","499",55,"349.3",50
1382,160,"Dia dos Namorados - 2 diÃ¡rias + 1 garrafa de vinho (CHECK IN: 13/06)","1700","849",50,"594.3",5
1383,160,"Jogos da copa - 2 diÃ¡rias (CHECK IN: 11/06, 15/06, 22/06)","1200","599",50,"419.3",15
1479,161,"05 diÃ¡rias para 02 pessoas em junho e julho (check-in domingo)","1478","739",50,"554.25",5
1478,161,"02 diÃ¡rias para 02 pessoas em junho e julho (check-in de domingo a quarta-feira)","600","299",50,"224.25",10
1474,161,"03 diÃ¡rias para 02 pessoas de agosto a outubro (check-in livre)","890","445",50,"333.75",0
1475,161,"02 diÃ¡rias para 02 pessoas de agosto a outubro (check-in livre)","600","299",50,"224.25",0
1476,161,"05 diÃ¡rias para 02 pessoas de agosto a outubro (check-in livre)","1478","739",50,"554.25",0
1486,162,"02 pessoas + 02 diÃ¡rias em suÃ­te e apartamento Rosa ChÃ¡","810","249",60,"186.75",0
1487,162,"04 pessoas + 02 diÃ¡rias em Duplex EstretÃ­tza, OrquÃ­dea ou Ãris Azul","1200","579",52,"450",0
1422,163,"5 diÃ¡rias (31/08/14 a 19/12/14 )","4500","2099",50,"1890",100
1421,163,"3 diÃ¡rias (31/08/14 a 19/12/14 )","2700","1299",50,"1134",100
1420,163,"2 diÃ¡rias (31/08/14 a 19/12/14 )","1800","899",50,"756",100
1419,163,"2 diÃ¡rias (01/06/14 a 15/06/14 e 27/07/14 a 31/08/14)","1700","849",50,"702",100
1418,163,"3 diÃ¡rias (01/06/14 a 15/06/14 e 27/07/14 a 31/08/14)","2550","1219",50,"1053",100
1417,163,"5 diÃ¡rias (01/06/14 a 15/06/14 e 27/07/14 a 31/08/14)","4250","1959",50,"1755",100
1416,163,"2 diÃ¡rias (16/06/14 a 26/07/14)","2200","1099",50,"944",100
1415,163,"3 diÃ¡rias (16/06/14 a 26/07/14)","3300","1549",50,"1416",100
1414,163,"5 diÃ¡rias (16/06/14 a 26/07/14)","5500","2579",50,"2360",100
1477,161,"03 diÃ¡rias para 02 pessoas em junho e julho (check-in de domingo a terÃ§a-feira)","890","445",50,"333.75",10
1521,164,"2 diÃ¡rias","1600","799",50,"679.2",100
1520,164,"3 diÃ¡rias ","2400","1149",52,"999.2",100
1519,164,"5 diÃ¡rias ","4000","1899",53,"1639.2",100
1454,165,"02 diÃ¡rias para 02 pessoas","400","189",53,"140",0
1455,165,"03 diÃ¡rias para 02 pessoas","600","279",53,"209",0
1482,166,"02 diÃ¡rias para 02 pessoas","1438","679",53,"540",0
1483,166,"05 diÃ¡rias para 02 pessoas","3595","1529",57,"1350",0
1480,166,"07 diÃ¡rias para 02 pessoas","5033","2099",58,"1890",0
1481,166,"03 diÃ¡rias para 02 pessoas","2157","959",55,"810",0
1508,167,"02 diÃ¡rias para 02 pessoas de setembro a outubro (check-in na 6Âª) ","720","359",50,"269.25",20
1509,167,"02 diÃ¡rias para 02 pessoas de setembro a outubro (check-in de domingo a 4Âª)","720","329",54,"246.75",20
1514,168,"02 diÃ¡rias para 02 pessoas + bombom + late check-out + Jantar ","838","409",51,"310",0
1513,168,"04 diÃ¡rias para 02 pessoas + bombom + late check-out (de 18/06 a 22/06)","1436","649",54,"500",0
1512,168,"02 diÃ¡rias para 02 pessoas + bombom + late check-out","718","329",54,"250",0
1511,168,"03 diÃ¡rias para 02 pessoas + bombom + late check-out","1077","489",54,"375",0
1510,168,"03 diÃ¡rias para 02 pessoas + bombom + late check-out (de 19/06 a 22/06)","1077","489",54,"375",0
1507,167,"02 diÃ¡rias para 02 pessoas de junho a agosto (check-in na 6Âª) ","600","299",50,"224.25",100
1506,167,"02 diÃ¡rias para 02 pessoas de junho a agosto (check-in de domingo a 4Âª)","600","279",54,"209.25",100
1515,168,"03 diÃ¡rias para 02 pessoas + bombom + late check-out + Jantar ","1197","549",54,"435",0
1523,169,"04 diÃ¡rias para 02 pessoas + bombom + late check-out (de 18/06 a 22/06)","1436","649",54,"500",0
1524,169,"02 diÃ¡rias para 02 pessoas + bombom + late check-out","718","329",54,"250",0
1525,169,"03 diÃ¡rias para 02 pessoas + bombom + late check-out","1.077","489",54,"375",0
1526,169,"03 diÃ¡rias para 02 pessoas + bombom + late check-out (de 19/06 a 22/06)","1077","489",54,"375",0
1527,169,"03 diÃ¡rias para 02 pessoas + bombom + late check-out + Jantar","1197","549",54,"435",0
1528,170,"02 diÃ¡rias para 02 pessoas (check-in de domingo a 4Âª)","900","299",67,"224.25",0
1529,170,"02 diÃ¡rias para 02 pessoas  (check-in na 6Âª)","900","399",56,"299.25",0
1530,170,"03 diÃ¡rias para 02 pessoas (check-in livre)","1350","499",63,"374.25",0
1531,170,"05 diÃ¡rias para 02 pessoas (check-in livre)","1800","799",55,"599.25",0
1545,175,"02 diÃ¡rias para 02 pessoas em agosto (check-in na 6Âª)","800","399",50,"310",0
1544,175,"02 diÃ¡rias para 02 pessoas em junho e julho (check-in de domingo a 4Âª)","800","399",50,"310",0
1543,171,"02 diÃ¡rias para 02 pessoas com pensÃ£o completa ","748","369",51,"276.75",0
1536,172,"2 diÃ¡rias (Standard Executivo)","520","249",52,"174.3",100
1537,172,"2 diÃ¡rias (Standard Luxo)","640","289",54,"202.3",100
1538,172,"2 diÃ¡rias (chalÃ© superior)","900","349",61,"244.3",50
1539,173,"02 diÃ¡rias para 02 pessoas","560","279",50,"209.25",0
1540,173,"03 diÃ¡rias para 02 pessoas","840","409",51,"319.02",0
1541,173,"05 diÃ¡rias para 02 pessoas","1400","679",51,"565",0
1546,175,"03 diÃ¡rias para 02 pessoas em agosto (check-in de domingo a 4Âª)","800","399",50,"310",0
1547,175,"02 diÃ¡rias para 02 pessoas em setembro, outubro, novembro ou dezembro (check-in livre)","800","349",56,"261",0
1548,175,"03 diÃ¡rias para 02 pessoas em setembro, outubro, novembro ou dezembro (check-in de domingo a 4Âª)","800","349",56,"261",0
1603,174,"2 diÃ¡rias (CHECK IN: 6Âª)","1400","699",50,"496.29",14
1602,174,"2 diÃ¡rias (CHECK IN: 2Âª a 4Âª)","1100","499",55,"354.29",20
1563,176,"5 diÃ¡rias ","2900","1299",56,"974.25",40
1562,176,"3 diÃ¡rias ","1740","799",55,"583.27",90
1561,176,"2 diÃ¡rias","1160","549",53,"400.77",80
1564,177,"02 diÃ¡rias para 02 pessoas em junho ou agosto (check-in: 6Âª)","800","399",50,"307.23",0
1565,177,"02 diÃ¡rias para 02 pessoas em junho ou agosto (check-in: 2Âª ou 3Âª)","698","299",57,"230.23",0
1566,177,"04 diÃ¡rias para 02 pessoas em junho ou agosto (check-in: 2Âª)","1396","499",64,"384.23",0
1567,177,"02 diÃ¡rias para 02 pessoas em julho ou setembro (check-in: 6Âª)","800","399",50,"307.23",0
1568,177,"02 diÃ¡rias para 02 pessoas em julho ou setembro (check-in: 2Âª ou 3Âª)","698","299",57,"230.23",0
1569,177,"04 diÃ¡rias para 02 pessoas em julho ou setembro (check-in: 2Âª)","1396","499",64,"384.23",0
1577,179,"2 diÃ¡rias (CHECK IN: domingo a 4Âª)","1100","449",61,"335",100
1576,179,"2 diÃ¡rias (CHECK IN: 6Âª)","1100","529",53,"400",100
1581,180,"LocaÃ§Ã£o de 1 diÃ¡ria Grupo B","159","11",50,"68.64",0
1580,180,"LocaÃ§Ã£o de 1 diÃ¡ria Grupo A","118","11",50,"48.96",0
1598,181,"Suite: 2 diÃ¡rias (CHECK IN: 4Âª)","1000","329",67,"231",100
1597,181,"Suite: 2 diÃ¡rias (CHECK IN: 6Âª)","1000","399",61,"299.25",100
1601,174,"3 diÃ¡rias (CHECK IN: 2Âª a 3Âª)","1650","699",58,"496.29",8
1599,181,"ChalÃ©: 2 diÃ¡rias (CHECK IN: 6Âª)","1200","499",59,"374.25",100
1600,181,"ChalÃ©: 2 diÃ¡rias (CHECK IN: 4Âª)","1200","399",67,"299.25",100
1612,182,"Risoto de frutos do mar para 02 pessoas","68","34",50,"23.8",0
1611,182,"Picanha + acompanhamentos para 02 pessoas","90","45",50,"31.5",0
1610,182,"FilÃ© Mignon + acompanhamentos para 02 pessoas","79","39",50,"27.3",0
